group,mae,max_abs,mse,n_values,rmse,task
arms,0.002046825196644469,0.051382213830947876,1.0425080632786012e-05,114688,0.003228789344752304,PnPBottleToCabinetClose
hands,0.0019605584894245944,0.15183523297309875,5.6212342968214765e-05,98304,0.00749748911091005,PnPBottleToCabinetClose
left_arm,0.0019076769325506251,0.03386114537715912,8.827878404613096e-06,57344,0.002971174583327795,PnPBottleToCabinetClose
left_hand,0.002654404493947974,0.15183523297309875,9.724393574355826e-05,49152,0.009861233986857744,PnPBottleToCabinetClose
right_arm,0.0021859734607383124,0.051382213830947876,1.2022282860958942e-05,57344,0.003467316377396061,PnPBottleToCabinetClose
right_hand,0.001266712484901215,0.08205091953277588,1.5180750192871154e-05,49152,0.0038962482201306365,PnPBottleToCabinetClose
waist,0.0024257020228546367,0.03115580976009369,1.4221192523063463e-05,24576,0.003771099643746299,PnPBottleToCabinetClose
arms,0.002086228838442196,0.0421375036239624,9.767651287983905e-06,114688,0.0031253241892616364,PnPCanToDrawerClose
hands,0.0017915347112840152,0.1221855878829956,4.850861240297257e-05,98304,0.006964812445642206,PnPCanToDrawerClose
left_arm,0.0019291691543700726,0.03362829238176346,8.388551127343034e-06,57344,0.0028962995575981146,PnPCanToDrawerClose
left_hand,0.0024212775442838583,0.1221855878829956,8.438437907751674e-05,49152,0.009186097053565063,PnPCanToDrawerClose
right_arm,0.0022432885225143195,0.0421375036239624,1.1146751448624769e-05,57344,0.0033386751037836502,PnPCanToDrawerClose
right_hand,0.0011617918782841723,0.10349571704864502,1.2632845728428455e-05,49152,0.0035542714764672176,PnPCanToDrawerClose
waist,0.002428596586147099,0.031020164489746094,1.3553271312163727e-05,24576,0.003681476784140262,PnPCanToDrawerClose
arms,0.0020733852645517764,0.03819897770881653,1.0079916909212339e-05,114688,0.003174888487681471,PnPCupToDrawerClose
hands,0.002020473028792935,0.13718926906585693,5.8049206393345956e-05,98304,0.0076190029789563645,PnPCupToDrawerClose
left_arm,0.001961909245467654,0.033169180154800415,9.031350038798322e-06,57344,0.003005220464258541,PnPCupToDrawerClose
left_hand,0.002699351127328479,0.13718926906585693,9.867411272984492e-05,49152,0.009933484420375607,PnPCupToDrawerClose
right_arm,0.002184861283635899,0.03819897770881653,1.112848377962636e-05,57344,0.003335938215798722,PnPCupToDrawerClose
right_hand,0.001341594930257391,0.09734600782394409,1.7424300056846826e-05,49152,0.004174242453050233,PnPCupToDrawerClose
waist,0.002461424445122873,0.031414031982421875,1.4091041019815133e-05,24576,0.0037538035403860887,PnPCupToDrawerClose
arms,0.001856974887664009,0.047412727028131485,8.541436970063994e-06,114688,0.002922573689415546,PnPMilkToMicrowaveClose
hands,0.0016382906935064057,0.1361425518989563,3.9073610584069447e-05,98304,0.006250888783530663,PnPMilkToMicrowaveClose
left_arm,0.0017150594784146125,0.041764289140701294,7.218350645288528e-06,57344,0.00268669883784702,PnPMilkToMicrowaveClose
left_hand,0.0020864076639478903,0.13133925199508667,6.190150744245792e-05,49152,0.007867751104506162,PnPMilkToMicrowaveClose
right_arm,0.001998890296913406,0.047412727028131485,9.864523294839477e-06,57344,0.0031407838663046325,PnPMilkToMicrowaveClose
right_hand,0.0011901737230649208,0.1361425518989563,1.6245713725680947e-05,49152,0.0040305971921888875,PnPMilkToMicrowaveClose
waist,0.002327874223494083,0.03185676038265228,1.3317366786937556e-05,24576,0.0036492967523808688,PnPMilkToMicrowaveClose
arms,0.0012193151424191942,0.05054497718811035,3.1689354387422887e-06,114688,0.0017801503977873017,PnPNovelFromCuttingboardToBasketSplitA
hands,0.0003568921827139526,0.05875393748283386,1.2452660332627622e-06,98304,0.0011159148862089627,PnPNovelFromCuttingboardToBasketSplitA
left_arm,0.0010855712812790788,0.05054497718811035,2.615783674278516e-06,57344,0.0016173384538427683,PnPNovelFromCuttingboardToBasketSplitA
left_hand,0.00037658483830297723,0.05875393748283386,1.3198694230339086e-06,49152,0.001148855701571746,PnPNovelFromCuttingboardToBasketSplitA
right_arm,0.0013530590035593093,0.03642457723617554,3.7220872032060634e-06,57344,0.0019292711585482388,PnPNovelFromCuttingboardToBasketSplitA
right_hand,0.000337199527124928,0.03167777881026268,1.1706626434916126e-06,49152,0.0010819716463436612,PnPNovelFromCuttingboardToBasketSplitA
waist,0.0013875882684703338,0.05064833164215088,4.3096242972652794e-06,24576,0.0020759634624109547,PnPNovelFromCuttingboardToBasketSplitA
arms,0.0012276407099193992,0.05633808299899101,3.2803450041162573e-06,114688,0.0018111722734506118,PnPNovelFromCuttingboardToCardboardboxSplitA
hands,0.00034542147779936805,0.07437443733215332,1.3269304776498685e-06,98304,0.0011519246840179563,PnPNovelFromCuttingboardToCardboardboxSplitA
left_arm,0.0010860137881019455,0.05633808299899101,2.596330816359037e-06,57344,0.0016113133824179073,PnPNovelFromCuttingboardToCardboardboxSplitA
left_hand,0.0003631570375376055,0.07437443733215332,1.5440127907520517e-06,49152,0.001242583112211031,PnPNovelFromCuttingboardToCardboardboxSplitA
right_arm,0.0013692676317368527,0.049125269055366516,3.964359191873479e-06,57344,0.0019910698611232806,PnPNovelFromCuttingboardToCardboardboxSplitA
right_hand,0.0003276859180611306,0.05063970386981964,1.1098481645476834e-06,49152,0.0010534933149041257,PnPNovelFromCuttingboardToCardboardboxSplitA
waist,0.0013891252326014107,0.05220937728881836,4.625635017195231e-06,24576,0.00215072895019229,PnPNovelFromCuttingboardToCardboardboxSplitA
arms,0.001171424978630415,0.02167367935180664,2.5447828904793043e-06,114688,0.0015952375655303834,PnPNovelFromCuttingboardToPanSplitA
hands,0.000306800971325701,0.027818381786346436,6.304257737337369e-07,98304,0.0007939935602596138,PnPNovelFromCuttingboardToPanSplitA
left_arm,0.00103670864839949,0.021622121334075928,2.0013811738161758e-06,57344,0.0014147017967812779,PnPNovelFromCuttingboardToPanSplitA
left_hand,0.00031483968721612854,0.01923014223575592,4.918725586703853e-07,49152,0.0007013362664730702,PnPNovelFromCuttingboardToPanSplitA
right_arm,0.00130614130886134,0.02167367935180664,3.0881846071424333e-06,57344,0.0017573231368028003,PnPNovelFromCuttingboardToPanSplitA
right_hand,0.0002987622554352735,0.027818381786346436,7.689789887970875e-07,49152,0.0008769144706281722,PnPNovelFromCuttingboardToPanSplitA
waist,0.0012974210502036954,0.03511449694633484,3.169161119277753e-06,24576,0.0017802137847117555,PnPNovelFromCuttingboardToPanSplitA
arms,0.001223760690896977,0.08272910118103027,3.322310280749899e-06,114688,0.0018227205712203665,PnPNovelFromCuttingboardToPotSplitA
hands,0.0003640271997329784,0.0638415515422821,1.4857168104906697e-06,98304,0.0012188998361188953,PnPNovelFromCuttingboardToPotSplitA
left_arm,0.0010940097829796563,0.08272910118103027,2.7094912212960764e-06,57344,0.0016460532255355767,PnPNovelFromCuttingboardToPotSplitA
left_hand,0.0003776659580354558,0.0638415515422821,1.4870639978294279e-06,49152,0.001219452335201925,PnPNovelFromCuttingboardToPotSplitA
right_arm,0.0013535115988142974,0.06182686984539032,3.93512934020372e-06,57344,0.0019837160432389814,PnPNovelFromCuttingboardToPotSplitA
right_hand,0.000350388441430501,0.06036904826760292,1.4843696231519136e-06,49152,0.0012183470864872265,PnPNovelFromCuttingboardToPotSplitA
waist,0.001395113806042995,0.046778496354818344,4.663610740847137e-06,24576,0.002159539474250734,PnPNovelFromCuttingboardToPotSplitA
arms,0.0011739289383743134,0.028830409049987793,2.6160933767237587e-06,114688,0.0016174341954848608,PnPNovelFromCuttingboardToTieredbasketSplitA
hands,0.000328313793047134,0.04096491262316704,8.766499410159125e-07,98304,0.0009362958619025892,PnPNovelFromCuttingboardToTieredbasketSplitA
left_arm,0.0010535088110116117,0.019168823957443237,2.1324885067512614e-06,57344,0.001460304251432304,PnPNovelFromCuttingboardToTieredbasketSplitA
left_hand,0.0003476383363628284,0.04096491262316704,9.28115260880549e-07,49152,0.000963387388790485,PnPNovelFromCuttingboardToTieredbasketSplitA
right_arm,0.0012943490657370152,0.028830409049987793,3.099698246696265e-06,57344,0.0017605959919005452,PnPNovelFromCuttingboardToTieredbasketSplitA
right_hand,0.0003089892497314395,0.028170406818389893,8.251846211512752e-07,49152,0.000908396731142993,PnPNovelFromCuttingboardToTieredbasketSplitA
waist,0.0012969470510408125,0.04992955923080444,3.3129153611550593e-06,24576,0.0018201415772282823,PnPNovelFromCuttingboardToTieredbasketSplitA
arms,0.0011936438561760726,0.03293070197105408,2.757501506645464e-06,114688,0.0016605726441940034,PnPNovelFromPlacematToBasketSplitA
hands,0.00033107521401339507,0.029066238552331924,8.612059821729991e-07,98304,0.0009280118437676316,PnPNovelFromPlacematToBasketSplitA
left_arm,0.0010651517921613785,0.026912346482276917,2.2106307320528063e-06,57344,0.0014868189977441122,PnPNovelFromPlacematToBasketSplitA
left_hand,0.00033961700173223974,0.029066238552331924,7.795469964538864e-07,49152,0.0008829195866294317,PnPNovelFromPlacematToBasketSplitA
right_arm,0.001322135920190767,0.03293070197105408,3.3043722812381143e-06,57344,0.001817793244909364,PnPNovelFromPlacematToBasketSplitA
right_hand,0.00032253342629455045,0.025035828351974487,9.428649678921107e-07,49152,0.0009710123417815609,PnPNovelFromPlacematToBasketSplitA
waist,0.0013306804978536018,0.02034296840429306,3.3646365874690112e-06,24576,0.001834294574889489,PnPNovelFromPlacematToBasketSplitA
arms,0.001166688761527368,0.02121599018573761,2.5093100809091285e-06,114688,0.0015840802002768447,PnPNovelFromPlacematToBowlSplitA
hands,0.00031953174191667877,0.02610151469707489,7.225672125004234e-07,98304,0.0008500395358454943,PnPNovelFromPlacematToBowlSplitA
left_arm,0.001044097096058191,0.02121599018573761,2.0279984831272515e-06,57344,0.001424078116932934,PnPNovelFromPlacematToBowlSplitA
left_hand,0.00033430668947416936,0.024434834718704224,6.61372549018326e-07,49152,0.0008132481472578502,PnPNovelFromPlacematToBowlSplitA
right_arm,0.001289280426996545,0.020910978317260742,2.9906216786910055e-06,57344,0.0017293414002709255,PnPNovelFromPlacematToBowlSplitA
right_hand,0.0003047567943591882,0.02610151469707489,7.83761875982522e-07,49152,0.0008853032678029162,PnPNovelFromPlacematToBowlSplitA
waist,0.0013023075345373059,0.04886104166507721,3.3329739391664552e-06,24576,0.0018256434315513134,PnPNovelFromPlacematToBowlSplitA
arms,0.0011735228929786576,0.03692328929901123,2.614180788944035e-06,114688,0.0016168428460874096,PnPNovelFromPlacematToPlateSplitA
hands,0.0003185758873768633,0.03661684691905975,7.777184041310008e-07,98304,0.0008818834413520876,PnPNovelFromPlacematToPlateSplitA
left_arm,0.0010399258437019704,0.03692328929901123,2.059472944329088e-06,57344,0.0014350863891519172,PnPNovelFromPlacematToPlateSplitA
left_hand,0.0003276233876807015,0.03234054520726204,6.079155708698122e-07,49152,0.0007796894066676885,PnPNovelFromPlacematToPlateSplitA
right_arm,0.0013071199422553445,0.028238892555236816,3.168888633558988e-06,57344,0.0017801372513261409,PnPNovelFromPlacematToPlateSplitA
right_hand,0.00030952838707302516,0.03661684691905975,9.475212373921892e-07,49152,0.000973407025551074,PnPNovelFromPlacematToPlateSplitA
waist,0.0013031433363413687,0.028153717517852783,3.3395239949337793e-06,24576,0.0018274364544174386,PnPNovelFromPlacematToPlateSplitA
arms,0.001180662898306333,0.09038481116294861,2.833193119447631e-06,114688,0.0016832091728147252,PnPNovelFromPlacematToTieredshelfSplitA
hands,0.00032588987616462745,0.025721589103341103,8.07298059730769e-07,98304,0.0008984976681832675,PnPNovelFromPlacematToTieredshelfSplitA
left_arm,0.0010450517330383238,0.03705325722694397,2.14607876678105e-06,57344,0.0014649500902013863,PnPNovelFromPlacematToTieredshelfSplitA
left_hand,0.0003435991378762567,0.022475510835647583,7.698520333250277e-07,49152,0.0008774121228505039,PnPNovelFromPlacematToTieredshelfSplitA
right_arm,0.0013162740635743425,0.09038481116294861,3.520307472114217e-06,57344,0.0018762482437338127,PnPNovelFromPlacematToTieredshelfSplitA
right_hand,0.0003081806144529982,0.025721589103341103,8.447440861365096e-07,49152,0.0009190996062106161,PnPNovelFromPlacematToTieredshelfSplitA
waist,0.001303869695525132,0.03075990080833435,3.4574973711017687e-06,24576,0.0018594346912709165,PnPNovelFromPlacematToTieredshelfSplitA
arms,0.0011734746004564225,0.03733545541763306,2.685486034480103e-06,114688,0.0016387452622296434,PnPNovelFromPlateToBowlSplitA
hands,0.0003094043258774863,0.03976285457611084,6.382907256767454e-07,98304,0.0007989309893080537,PnPNovelFromPlateToBowlSplitA
left_arm,0.001047994953625445,0.03353840112686157,2.1171686095131946e-06,57344,0.0014550493495112786,PnPNovelFromPlateToBowlSplitA
left_hand,0.0003218951919962502,0.013880141079425812,5.297022145543314e-07,49152,0.0007278064403083635,PnPNovelFromPlateToBowlSplitA
right_arm,0.0012989542472874,0.03733545541763306,3.2538034594470225e-06,57344,0.0018038302191301216,PnPNovelFromPlateToBowlSplitA
right_hand,0.00029691345975872235,0.03976285457611084,7.468792367991591e-07,49152,0.0008642217520978971,PnPNovelFromPlateToBowlSplitA
waist,0.0013096573099199797,0.036069780588150024,3.3947981746535173e-06,24576,0.0018424978085885251,PnPNovelFromPlateToBowlSplitA
arms,0.001217017020907691,0.049096763134002686,3.0792221653447686e-06,114688,0.0017547712572710918,PnPNovelFromPlateToCardboardboxSplitA
hands,0.0003163308785479509,0.0305933877825737,6.869295976559379e-07,98304,0.0008288121606588177,PnPNovelFromPlateToCardboardboxSplitA
left_arm,0.001086935687224257,0.049096763134002686,2.487119576180072e-06,57344,0.0015770604224886477,PnPNovelFromPlateToCardboardboxSplitA
left_hand,0.00032344055615481554,0.014665301889181137,5.49335809466076e-07,49152,0.0007411719162691446,PnPNovelFromPlateToCardboardboxSplitA
right_arm,0.0013470983545911253,0.03227695822715759,3.671324754509449e-06,57344,0.001916070132982989,PnPNovelFromPlateToCardboardboxSplitA
right_hand,0.00030922120094108624,0.0305933877825737,8.245233858457996e-07,49152,0.0009080327008680908,PnPNovelFromPlateToCardboardboxSplitA
waist,0.0013420845178349812,0.05262097716331482,4.0642260463079895e-06,24576,0.002015992570995238,PnPNovelFromPlateToCardboardboxSplitA
arms,0.0011921994068042618,0.03177165985107422,2.7664702679708958e-06,114688,0.0016632709544661976,PnPNovelFromPlateToPanSplitA
hands,0.0003137883037079847,0.04052305221557617,6.628993732666601e-07,98304,0.0008141863258902474,PnPNovelFromPlateToPanSplitA
left_arm,0.001058320317339894,0.022363483905792236,2.138592488373553e-06,57344,0.0014623927271337042,PnPNovelFromPlateToPanSplitA
left_hand,0.00032152381889916093,0.02535993978381157,5.338799211140511e-07,49152,0.0007306708705799424,PnPNovelFromPlateToPanSplitA
right_arm,0.0013260784962686298,0.03177165985107422,3.394348047568238e-06,57344,0.001842375653217399,PnPNovelFromPlateToPanSplitA
right_hand,0.0003060527885168085,0.04052305221557617,7.919188254192691e-07,49152,0.0008898982107068589,PnPNovelFromPlateToPanSplitA
waist,0.0013175979023844302,0.04125010967254639,3.554000760647434e-06,24576,0.0018852057608249116,PnPNovelFromPlateToPanSplitA
arms,0.0011774938619533795,0.023528113961219788,2.575422462933632e-06,114688,0.0016048122827713002,PnPNovelFromPlateToPlateSplitA
hands,0.0003187938279720637,0.029801826924085617,6.952306716234099e-07,98304,0.000833804936195157,PnPNovelFromPlateToPlateSplitA
left_arm,0.0010458092535754154,0.017504684627056122,2.0501332543993767e-06,57344,0.0014318286400262347,PnPNovelFromPlateToPlateSplitA
left_hand,0.00033089438317264924,0.022595182061195374,5.894147688866498e-07,49152,0.0007677335272649291,PnPNovelFromPlateToPlateSplitA
right_arm,0.0013091784703313434,0.023528113961219788,3.1007116714678878e-06,57344,0.0017608837756842124,PnPNovelFromPlateToPlateSplitA
right_hand,0.0003066932727714781,0.029801826924085617,8.010465743601702e-07,49152,0.0008950120526340247,PnPNovelFromPlateToPlateSplitA
waist,0.0013161433368574411,0.02568376064300537,3.388752343466645e-06,24576,0.0018408564157659458,PnPNovelFromPlateToPlateSplitA
arms,0.0011913467267008482,0.058563947677612305,2.9265761773653346e-06,114688,0.0017107238752543715,PnPNovelFromTrayToCardboardboxSplitA
hands,0.00031703780279620136,0.055991947650909424,7.783531487401457e-07,98304,0.0008822432480558555,PnPNovelFromTrayToCardboardboxSplitA
left_arm,0.001064182244365711,0.03070533275604248,2.382650984937025e-06,57344,0.0015435838120869967,PnPNovelFromTrayToCardboardboxSplitA
left_hand,0.00032518342345936685,0.032221000641584396,5.980640231698633e-07,49152,0.0007733459918884065,PnPNovelFromTrayToCardboardboxSplitA
right_arm,0.0013185112090359854,0.058563947677612305,3.4705013697936418e-06,57344,0.0018629281708626455,PnPNovelFromTrayToCardboardboxSplitA
right_hand,0.00030889218213303593,0.055991947650909424,9.586422743104268e-07,49152,0.0009791027904721887,PnPNovelFromTrayToCardboardboxSplitA
waist,0.001340803952620225,0.05477702617645264,4.307062400908459e-06,24576,0.002075346332761946,PnPNovelFromTrayToCardboardboxSplitA
arms,0.0012102704891339769,0.0358755886554718,3.012265131645247e-06,114688,0.001735587834609717,PnPNovelFromTrayToPlateSplitA
hands,0.0003565411028376708,0.08261096477508545,1.4391901703087173e-06,98304,0.0011996625235076394,PnPNovelFromTrayToPlateSplitA
left_arm,0.0010817073671587352,0.028202055022120476,2.4717051179876262e-06,57344,0.0015721657412587344,PnPNovelFromTrayToPlateSplitA
left_hand,0.00037461645485089196,0.08261096477508545,1.6003066988639991e-06,49152,0.0012650322916289525,PnPNovelFromTrayToPlateSplitA
right_arm,0.0013388336111092183,0.0358755886554718,3.552825145302865e-06,57344,0.0018848939347620769,PnPNovelFromTrayToPlateSplitA
right_hand,0.0003384657508244497,0.040349215269088745,1.2780736417534359e-06,49152,0.0011305191912362373,PnPNovelFromTrayToPlateSplitA
waist,0.0013730063016078968,0.049738261848688126,4.177541065911153e-06,24576,0.002043903389573772,PnPNovelFromTrayToPlateSplitA
arms,0.0011621144572308165,0.036623477935791016,2.5701410572425868e-06,114688,0.001603165948129696,PnPNovelFromTrayToPotSplitA
hands,0.00031116146299714487,0.028078436851501465,6.849211867489571e-07,98304,0.000827599653666528,PnPNovelFromTrayToPotSplitA
left_arm,0.0010410303702521923,0.03345799446105957,2.0747566277065825e-06,57344,0.0014404015508553795,PnPNovelFromTrayToPotSplitA
left_hand,0.0003241627529204649,0.019185738638043404,6.036968546553154e-07,49152,0.0007769793141746538,PnPNovelFromTrayToPotSplitA
right_arm,0.0012831985442094407,0.036623477935791016,3.0655254867785843e-06,57344,0.0017508642114049235,PnPNovelFromTrayToPotSplitA
right_hand,0.0002981601730738248,0.028078436851501465,7.661455188425987e-07,49152,0.0008752973888014283,PnPNovelFromTrayToPotSplitA
waist,0.001290413799554339,0.03400232642889023,3.3013561967455755e-06,24576,0.0018169634549834994,PnPNovelFromTrayToPotSplitA
arms,0.0011863609891862303,0.057294368743896484,3.0951739520761817e-06,114688,0.0017593106468376135,PnPNovelFromTrayToTieredbasketSplitA
hands,0.0003280410119118245,0.05873525142669678,8.897558330285056e-07,98304,0.0009432686960927441,PnPNovelFromTrayToTieredbasketSplitA
left_arm,0.0010553145420353666,0.057294368743896484,2.4731330872126315e-06,57344,0.001572619816488598,PnPNovelFromTrayToTieredbasketSplitA
left_hand,0.0003418550996013477,0.04752339422702789,8.36178084089582e-07,49152,0.0009144277358488106,PnPNovelFromTrayToTieredbasketSplitA
right_arm,0.001317407436337094,0.04106050729751587,3.717214816939734e-06,57344,0.0019280079919283878,PnPNovelFromTrayToTieredbasketSplitA
right_hand,0.0003142269242223013,0.05873525142669678,9.433335819674279e-07,49152,0.0009712536136187232,PnPNovelFromTrayToTieredbasketSplitA
waist,0.0013339212670947138,0.060473501682281494,4.218104603029157e-06,24576,0.0020538024741997844,PnPNovelFromTrayToTieredbasketSplitA
arms,0.0011748638945428627,0.03122800588607788,2.629999747671231e-06,114688,0.0016217273962263914,PnPNovelFromTrayToTieredshelfSplitA
hands,0.0003241558431587392,0.04132944345474243,8.74442539109044e-07,98304,0.0009351163238384004,PnPNovelFromTrayToTieredshelfSplitA
left_arm,0.001052254626207727,0.01941046118736267,2.128022444374008e-06,57344,0.0014587742952129395,PnPNovelFromTrayToTieredshelfSplitA
left_hand,0.00033913925373285636,0.032804928719997406,7.772384478663697e-07,49152,0.0008816112793438896,PnPNovelFromTrayToTieredshelfSplitA
right_arm,0.0012974731628779981,0.03122800588607788,3.1319770509684558e-06,57344,0.001769739260729799,PnPNovelFromTrayToTieredshelfSplitA
right_hand,0.00030917243258462196,0.04132944345474243,9.716466303517185e-07,49152,0.0009857213756187487,PnPNovelFromTrayToTieredshelfSplitA
waist,0.001299601986927949,0.028826996684074402,3.368755318815369e-06,24576,0.0018354169332376142,PnPNovelFromTrayToTieredshelfSplitA
arms,0.0019758069729266686,0.04281562566757202,9.952759946939865e-06,114688,0.00315479950978503,PnPPotatoToMicrowaveClose
hands,0.0017223886565389535,0.12242394685745239,4.017585923079868e-05,98304,0.006338442965807824,PnPPotatoToMicrowaveClose
left_arm,0.0018197307528673434,0.03547994792461395,8.237559317779404e-06,57344,0.0028701148614261774,PnPPotatoToMicrowaveClose
left_hand,0.002182271147342855,0.12195754051208496,6.248185140904551e-05,49152,0.007904546249408976,PnPPotatoToMicrowaveClose
right_arm,0.0021318831929859933,0.04281562566757202,1.1667960576100307e-05,57344,0.0034158396590150872,PnPPotatoToMicrowaveClose
right_hand,0.0012625061657350518,0.12242394685745239,1.786986705255198e-05,49152,0.004227276552646157,PnPPotatoToMicrowaveClose
waist,0.0023656027302247176,0.030747484415769577,1.3777855923287394e-05,24576,0.0037118534350493145,PnPPotatoToMicrowaveClose
arms,0.002071135507173733,0.05034776031970978,9.697221854534495e-06,114688,0.0031140362641649657,PnPWineToCabinetClose
hands,0.0018163005779167445,0.11876481771469116,4.853331491349363e-05,98304,0.006966585599380347,PnPWineToCabinetClose
left_arm,0.0019354903600326625,0.03417325019836426,8.42866855280386e-06,57344,0.0029032169317506845,PnPWineToCabinetClose
left_hand,0.0024282329457747664,0.11876481771469116,8.293296532795802e-05,49152,0.009106753830424868,PnPWineToCabinetClose
right_arm,0.0022067806543148044,0.05034776031970978,1.0965775156265123e-05,57344,0.003311461181452249,PnPWineToCabinetClose
right_hand,0.0012043682100587223,0.11656099557876587,1.413366449902926e-05,49152,0.0037594766256793324,PnPWineToCabinetClose
waist,0.0024249710835964797,0.03507165610790253,1.334451169862471e-05,24576,0.0036530140567242156,PnPWineToCabinetClose
