step,series,action_loss,token_accuracy
250,当前重启 E256,5.293834972381592,0.03637852722313255
500,当前重启 E256,4.56822636127472,0.07280745756579562
750,当前重启 E256,3.556439984928478,0.16350118748166345
1000,当前重启 E256,2.961488441987471,0.24172355641018262
1250,当前重启 E256,2.6263392838564785,0.2656937268647281
1500,当前重启 E256,2.51657358082858,0.2765075049617074
1750,当前重启 E256,2.4482279257340864,0.2874759327281605
2000,当前重启 E256,2.389849836176092,0.29473857988010754
2250,当前重启 E256,2.346559849652377,0.3018408553166823
2500,当前重启 E256,2.3036106499758633,0.30995119430802087
2750,当前重启 E256,2.2754691297357734,0.3158506615595384
3000,当前重启 E256,2.231346368789673,0.3261088593439622
3250,当前重启 E256,2.2114561687816274,0.33090862089937384
3500,当前重启 E256,2.1894276358864526,0.33525017174807464
3750,当前重启 E256,2.142875454642556,0.34483250975608826
4000,当前重启 E256,2.1241113272580234,0.3478624333034862
4250,当前重启 E256,2.107111605730924,0.35036541657014325
4500,当前重启 E256,2.0840884988958184,0.35566920854828576
4750,当前重启 E256,2.071096181869507,0.3591115149584683
5000,当前重启 E256,2.0521426634355024,0.3633556934920224
5250,当前重启 E256,2.016716566952792,0.37066416306929156
5500,当前重启 E256,2.007626316764138,0.3740320151502436
5750,当前重启 E256,1.9967310428619385,0.37874013727361505
6000,当前重启 E256,1.9730351621454412,0.3831046006896279
6250,当前重启 E256,1.9670822837136008,0.38412412188269873
6500,当前重启 E256,1.9499715566635132,0.3902355134487152
6750,当前重启 E256,1.91763174533844,0.3979964635588906
7000,当前重启 E256,1.927857063033364,0.39391837878660724
7250,当前重启 E256,1.9241822524504228,0.39487489516084845
7500,当前重启 E256,1.8969929001548074,0.4020401754162528
7750,当前重启 E256,1.893297011202032,0.4031857035376809
8000,当前重启 E256,1.8891173601150513,0.4027561274441806
8250,当前重启 E256,1.873737400228327,0.407452791929245
8500,当前重启 E256,1.8657685951753096,0.4105972647666931
8750,当前重启 E256,1.857958035035567,0.41348972103812476
9000,当前重启 E256,1.8577492453835227,0.41184588453986426
9250,当前重启 E256,1.8608688983050259,0.4096693857149644
9500,当前重启 E256,1.8520337559960105,0.4129455956545743
9750,当前重启 E256,1.8407105640931563,0.4157292301004583
10000,当前重启 E256,1.8191024390133945,0.4227914105762135
10250,当前重启 E256,1.8201021714644,0.42219573530283844
10500,当前重启 E256,1.8131958137858997,0.4228658676147461
10750,当前重启 E256,1.8164881467819214,0.4218921715562994
11000,当前重启 E256,1.8121966231953015,0.4231293418190696
11250,当前重启 E256,1.8064496192065151,0.42503091421994293
11500,当前重启 E256,1.7969563765959307,0.42677784778855066
11750,当前重启 E256,1.7962520881132646,0.42664038051258435
12000,当前重启 E256,1.7889508984305642,0.4297504885630174
12250,当前重启 E256,1.7851945703679866,0.43025452169505035
12500,当前重启 E256,1.7864626537669788,0.4290058937939731
12750,当前重启 E256,1.7788716879757969,0.4316577911376953
13000,当前重启 E256,1.781970826062289,0.4315260567448356
13250,当前重启 E256,1.782296429980885,0.4309647462584756
13500,当前重启 E256,1.7765564376657659,0.4323909309777347
13750,当前重启 E256,1.7695965550162576,0.43420659682967444
14000,当前重启 E256,1.76307504827326,0.4356213239106265
14250,当前重启 E256,1.776111288504167,0.4323565661907196
14500,当前重启 E256,1.7667926766655662,0.4360795319080353
14750,当前重启 E256,1.7520603916861794,0.4399743242697282
15000,当前重启 E256,1.760608597235246,0.43820448084311053
15250,当前重启 E256,1.76615356315266,0.43719641728834674
15500,当前重启 E256,1.7593664689497515,0.43873715129765595
15750,当前重启 E256,1.7704384110190652,0.4344299706545743
16000,当前重启 E256,1.7635551257566973,0.4366923895749179
16250,当前重启 E256,1.7634328278628262,0.4375286264853044
16500,当前重启 E256,1.7621528126976707,0.437580176375129
16750,当前重启 E256,1.7417227680032903,0.44271786646409467
17000,当前重启 E256,1.7360383597287266,0.44305579499764874
17250,当前重启 E256,1.7340291846882214,0.44498028267513623
17500,当前重启 E256,1.7365273887460881,0.44517502188682556
17750,当前重启 E256,1.7375205538489602,0.4456275051290339
18000,当前重启 E256,1.7441237297925083,0.4429641528563066
18250,当前重启 E256,1.7502464922991665,0.44004305655306036
18500,当前重启 E256,1.742333639751781,0.4418071752244776
18750,当前重启 E256,1.7389641349965876,0.4427178745920008
19000,当前重启 E256,1.7493779876015403,0.4405642774972049
19250,当前重启 E256,1.747561433098533,0.4420935538682071
19500,当前重启 E256,1.7329730770804666,0.4445163472132249
19750,当前重启 E256,1.7228058143095537,0.44703078269958496
20000,当前重启 E256,1.7227489406412297,0.44715105945413763
20250,当前重启 E256,1.7306351553310046,0.4464121948588978
20500,当前重启 E256,1.730028965256431,0.446795945817774
20750,当前重启 E256,1.7276608402078801,0.44735152613032947
21000,当前重启 E256,1.7223029245029797,0.44695059006864374
21250,当前重启 E256,1.7162052176215432,0.44857151129029016
21500,当前重启 E256,1.7102730816060847,0.4494421156969937
21750,当前重启 E256,1.7171549580313943,0.4488693529909307
22000,当前重启 E256,1.7207348455082287,0.44927028634331445
22250,当前重启 E256,1.7049926411021838,0.45302188938314264
22500,当前重启 E256,1.698520226912065,0.4565672955729745
22750,当前重启 E256,1.7025014703924006,0.4555076848376881
23000,当前重启 E256,1.7000441009348088,0.45495210452513263
23250,当前重启 E256,1.700926661491394,0.45411587032404815
23500,当前重启 E256,1.7055584950880571,0.45338273319331085
23750,当前重启 E256,1.6962959332899614,0.4549635567448356
24000,当前重启 E256,1.7017697420987217,0.45311352610588074
24250,当前重启 E256,1.7035073475404219,0.45232884179462085
24500,当前重启 E256,1.6932457360354336,0.456561568108472
24750,当前重启 E256,1.690850940617648,0.45866361260414124
25000,当前重启 E256,1.688313527540727,0.45823403921994293
25250,当前重启 E256,1.6969579241492532,0.4553816724907268
25500,当前重启 E256,1.6962116089734165,0.4555649594827132
25750,当前重启 E256,1.6935334422371604,0.45609763264656067
26000,当前重启 E256,1.6921982331709429,0.456584477966482
26250,当前重启 E256,1.6970154588872737,0.45585706559094513
26500,当前重启 E256,1.7063458616083318,0.452935971997001
26750,当前重启 E256,1.7080257589166814,0.45134941827167163
27000,当前重启 E256,1.6974594701420178,0.4551411135630174
27250,当前重启 E256,1.6891771880063144,0.45874952186237683
27500,当前重启 E256,1.682543776252053,0.46108067306605255
27750,当前重启 E256,1.6853025501424617,0.45997523990544403
28000,当前重启 E256,1.68958242373033,0.45859488303011114
28250,当前重启 E256,1.6794772364876487,0.4598606933246959
28500,当前重启 E256,1.6730400648984043,0.4614186097275127
28750,当前重启 E256,1.6790010062131016,0.459648769010197
29000,当前重启 E256,1.6781507296995684,0.45933947508985346
29250,当前重启 E256,1.6799896088513462,0.4585318782112815
29500,当前重启 E256,1.68990328095176,0.4570541463114999
29750,当前重启 E256,1.690197305245833,0.45909891345284204
30000,当前重启 E256,1.678810011256825,0.4614529718052257
30250,当前重启 E256,1.6875039772553877,0.45917337049137463
30500,当前重启 E256,1.6845106861808083,0.458514693108472
30750,当前重启 E256,1.6726002584804187,0.460759929635308
31000,当前重启 E256,1.6715453212911433,0.4611665904521942
31250,当前重启 E256,1.6832799261266536,0.4584860557859594
31500,当前重启 E256,1.6803378083489158,0.46010124683380127
31750,当前重启 E256,1.6692781123248013,0.4633831869472157
32000,当前重启 E256,1.6659730130975896,0.46439124779267743
32250,当前重启 E256,1.6786205551841042,0.4616820758039301
32500,当前重启 E256,1.676549337126992,0.4619799175045707
32750,当前重启 E256,1.6765373186631636,0.46047928116538306
33000,当前重启 E256,1.6707256165417759,0.46289634162729437
33250,当前重启 E256,1.6653448776765303,0.4630681655623696
33500,当前重启 E256,1.6492681828412143,0.46648756753314624
33750,当前重启 E256,1.63713492046703,0.4718772768974304
34000,当前重启 E256,1.6532577601346103,0.4686125245961276
34250,当前重启 E256,1.6621609384363347,0.4660751792517575
34500,当前重启 E256,1.6639787392182783,0.46495256098833954
34750,当前重启 E256,1.665452935478904,0.46499838070435956
35000,当前重启 E256,1.6633473851464011,0.46515876054763794
35250,当前重启 E256,1.6775425564159046,0.4604277285662564
35500,当前重启 E256,1.6737163175236096,0.4607541994615035
35750,当前重启 E256,1.6653503504666416,0.46439124779267743
36000,当前重启 E256,1.6503297740762883,0.4693055667660453
36250,当前重启 E256,1.6487936540083452,0.4689905480905013
36500,当前重启 E256,1.6575541496276855,0.46607517383315344
36750,当前重启 E256,1.6653747016733342,0.464139231226661
37000,当前重启 E256,1.6628905751488425,0.463858580047434
37250,当前重启 E256,1.6615896983580156,0.4642423310063102
37500,当前重启 E256,1.6519719362258911,0.46749563108791004
37750,当前重启 E256,1.6562865539030596,0.4663901979273016
38000,当前重启 E256,1.6620035713369197,0.4650900255550038
38250,当前重启 E256,1.6605491963299839,0.4661152715032751
38500,当前重启 E256,1.660415454344316,0.46616681868379767
38750,当前重启 E256,1.6568936759775335,0.4680053916844455
39000,当前重启 E256,1.643813740123402,0.47113268212838605
39250,当前重启 E256,1.632265947081826,0.47436879710717633
39500,当前重启 E256,1.6505276506597346,0.46795956925912335
39750,当前重启 E256,1.6602547818964177,0.4647921919822693
40000,当前重启 E256,1.6491053754633123,0.468538067557595
40250,当前重启 E256,1.651267864487388,0.468314682895487
40500,当前重启 E256,1.6546060171994297,0.46751853823661804
40750,当前重启 E256,1.655277598987926,0.465811702338132
41000,当前重启 E256,1.6540044004266912,0.46761018579656427
41250,当前重启 E256,1.6529808803038164,0.4673753570426594
41500,当前重启 E256,1.6421093507246538,0.4692769321528348
41750,当前重启 E256,1.6463173302737149,0.4682631384242665
42000,当前重启 E256,1.6503946347670122,0.46718061512166803
42250,当前重启 E256,1.6393775398080999,0.46939148144288495
42500,当前重启 E256,1.638715473088351,0.4697351401502436
42750,当前重启 E256,1.6445248885588213,0.46975805271755566
43000,当前重启 E256,1.6398611502213911,0.47106395255435596
43250,当前重启 E256,1.6355784697966143,0.47336646101691504
43500,当前重启 E256,1.642011371525851,0.4716538976539265
43750,当前重启 E256,1.6395292715592817,0.4729827073487369
44000,当前重启 E256,1.6279386498711326,0.47504465959288855
44250,当前重启 E256,1.6286055174740879,0.47472964091734454
44500,当前重启 E256,1.6266831701452082,0.4745692664926702
44750,当前重启 E256,1.63488629731265,0.4725817767056552
45000,当前重启 E256,1.6319674470207908,0.4743458899584683
45250,当前重启 E256,1.6299353079362349,0.47504465959288855
45500,当前重启 E256,1.6373407949100842,0.47364711490544403
45750,当前重启 E256,1.634797529740767,0.4726161442019723
46000,当前重启 E256,1.6225226250561802,0.4765853990208019
46250,当前重启 E256,1.620197827165777,0.477519002827731
46500,当前重启 E256,1.6247795061631636,0.4754914180798964
46750,当前重启 E256,1.6172421953894875,0.47739299589937384
47000,当前重启 E256,1.6272253339940852,0.4746036339889873
47250,当前重启 E256,1.6196881857785312,0.47560023990544403
47500,当前重启 E256,1.6161501732739536,0.47698632966388355
47750,当前重启 E256,1.6202485019510442,0.47696914727037604
48000,当前重启 E256,1.6188246228478171,0.4770836965604262
48250,当前重启 E256,1.6250131346962668,0.47448334910652856
48500,当前重启 E256,1.6314625848423352,0.47376167232340033
48750,当前重启 E256,1.6173286004499956,0.47706651958552276
49000,当前重启 E256,1.613363807851618,0.47797720811583777
49250,当前重启 E256,1.620633526281877,0.47583506865934894
49500,当前重启 E256,1.6350064277648926,0.4722266576506875
49750,当前重启 E256,1.6231598962437024,0.47682022777470673
50000,当前重启 E256,1.5982039299878208,0.4824504987760024
50250,当前重启 E256,1.6011792854829268,0.4810415045781569
50500,当前重启 E256,1.6035403338345615,0.4794950376857411
50750,当前重启 E256,1.5990829251029275,0.4826681478457017
51000,当前重启 E256,1.6059381745078347,0.4814424352212386
51250,当前重启 E256,1.600751887668263,0.48198083584958856
51500,当前重启 E256,1.609642971645702,0.47887072508985346
51750,当前重启 E256,1.624228997664018,0.4757606197487224
52000,当前重启 E256,1.6127213673158125,0.4781662307002328
52250,当前重启 E256,1.6139143813740124,0.4784010648727417
52500,当前重启 E256,1.6103086254813455,0.47934612360867584
52750,当前重启 E256,1.6092917702414773,0.47938048297708685
53000,当前重启 E256,1.6091485890475186,0.4807551150972193
53250,当前重启 E256,1.6022954420609907,0.4817918213930997
53500,当前重启 E256,1.5958860028873791,0.4833382855762135
53750,当前重启 E256,1.5971367250789295,0.48343565518205817
54000,当前重启 E256,1.602794354612177,0.4811675087972121
54250,当前重启 E256,1.6090522029183127,0.47766791690479626
54500,当前重启 E256,1.6091240861199119,0.47816622257232666
54750,当前重启 E256,1.6020594401793047,0.48084103248336096
55000,当前重启 E256,1.6016105521808972,0.48145962032404815
55250,当前重启 E256,1.5993431589820168,0.4828972572630102
55500,当前重启 E256,1.5805172595110806,0.48786884817210113
55750,当前重启 E256,1.5784202272241765,0.48811513456431305
56000,当前重启 E256,1.588840289549394,0.4865686676718972
56250,当前重启 E256,1.5881511623209172,0.4871700704097748
56500,当前重启 E256,1.584673198786649,0.48710706559094513
56750,当前重启 E256,1.5959417386488481,0.4836074791171334
57000,当前重启 E256,1.5932896462353794,0.48379076610911975
57250,当前重启 E256,1.586581826210022,0.48596154017881915
57500,当前重启 E256,1.590556870807301,0.484758737412366
57750,当前重启 E256,1.585459514097734,0.4868378693407232
58000,当前重启 E256,1.5906796238639138,0.48629946871237323
58250,当前重启 E256,1.5822090994228015,0.4878172955729745
58500,当前重启 E256,1.5825311162255027,0.4864598431370475
58750,当前重启 E256,1.5894076065583662,0.4848561015996066
59000,当前重启 E256,1.5790393460880627,0.4883900555697354
59250,当前重启 E256,1.580855055288835,0.48885399915955285
59500,当前重启 E256,1.5816099535335193,0.48743927478790283
59750,当前重启 E256,1.574137200008739,0.48746218193661084
60000,当前重启 E256,1.5669016729701648,0.490583750334653
60250,当前重启 E256,1.5780417160554365,0.4877943857149644
60500,当前重启 E256,1.5770352320237593,0.48871080712838605
60750,当前重启 E256,1.5788204995068638,0.48917474529959937
61000,当前重启 E256,1.5763385512612083,0.4895126765424555
61250,当前重启 E256,1.5666064674204045,0.4921244816346602
61500,当前重启 E256,1.5687986395575784,0.49032027613032947
61750,当前重启 E256,1.5709863684394143,0.49094458330761304
62000,当前重启 E256,1.5721867192875256,0.49226193807341834
62250,当前重启 E256,1.5648523460734973,0.49481073834679346
62500,当前重启 E256,1.5746757225556807,0.49031454595652496
62750,当前重启 E256,1.5798163522373547,0.48691805655306036
63000,当前重启 E256,1.5830788178877397,0.4861562793905085
63250,当前重启 E256,1.5795535932887683,0.4885561628775163
63500,当前重启 E256,1.577263669534163,0.48939239707860077
63750,当前重启 E256,1.5733859105543657,0.489552766084671
64000,当前重启 E256,1.5648585666309704,0.4938542273911563
64250,当前重启 E256,1.5667297731746326,0.49314400824633514
64500,当前重启 E256,1.5740104588595303,0.4901541769504547
64750,当前重启 E256,1.5754405585202305,0.4896157736128027
65000,当前重启 E256,1.5690165974877097,0.4919698346744884
65250,当前重启 E256,1.5621661056171765,0.4936079409989444
65500,当前重启 E256,1.5785162015394731,0.487553826787255
65750,当前重启 E256,1.5918724103407427,0.48499357158487494
66000,当前重启 E256,1.574458273974332,0.4911851503632285
66250,当前重启 E256,1.561455867507241,0.49282325397838245
66500,当前重启 E256,1.550146688114513,0.4953777844255621
66750,当前重启 E256,1.5483853816986084,0.4956183406439694
67000,当前重启 E256,1.5499672347849065,0.4953835064714605
67250,当前重启 E256,1.54801682992415,0.4968326037580317
67500,当前重启 E256,1.5516706054860896,0.4972679073160345
67750,当前重启 E256,1.5532106702977961,0.4970731653950431
68000,当前重启 E256,1.5438297336751765,0.4982587857679887
68250,当前重启 E256,1.5372886766086926,0.5014891705729745
68500,当前重启 E256,1.5471696745265613,0.498711266300895
68750,当前重启 E256,1.5501645478335293,0.49789794195782056
69000,当前重启 E256,1.5559554967013272,0.4965633993799036
69250,当前重启 E256,1.5438478101383557,0.499226757071235
69500,当前重启 E256,1.5561179898001931,0.49481647393920203
69750,当前重启 E256,1.5560783798044378,0.49546942114830017
70000,当前重启 E256,1.5478103811090642,0.4973538165742701
70250,当前重启 E256,1.5405113263563677,0.4977604801004583
70500,当前重启 E256,1.5408444946462458,0.49824160066517914
70750,当前重启 E256,1.551257068460638,0.4956297982822765
71000,当前重启 E256,1.5497699867595325,0.4962655712257732
71250,当前重启 E256,1.5465726418928667,0.49688415093855426
71500,当前重启 E256,1.5404481345956975,0.49880290031433105
71750,当前重启 E256,1.530615589835427,0.5020218356089159
72000,当前重启 E256,1.536232124675404,0.5001546225764535
72250,当前重启 E256,1.5427064570513638,0.49762873487039044
72500,当前重启 E256,1.5342040928927334,0.5003092776645314
72750,当前重启 E256,1.5469273220409046,0.49810413880781695
73000,当前重启 E256,1.5544344186782837,0.49479356137188996
73250,当前重启 E256,1.545214598829096,0.4982072358781641
73500,当前重启 E256,1.5440804091366855,0.49928976459936664
73750,当前重启 E256,1.531332167712125,0.5035282237963243
74000,当前重启 E256,1.5360644080422141,0.5030184631997888
74250,当前重启 E256,1.531015482815829,0.5030929148197174
74500,当前重启 E256,1.5271868922493674,0.5029898096214641
74750,当前重启 E256,1.5507412607019597,0.4969242377714677
75000,当前重启 E256,1.5531587925824253,0.4961051913824948
75250,当前重启 E256,1.5415198802947998,0.5006930286234076
75500,当前重启 E256,1.5421600125052712,0.49954177845608105
75750,当前重启 E256,1.542488932609558,0.49774330312555487
76000,当前重启 E256,1.5398710640993984,0.4987456337972121
76250,当前重启 E256,1.538406177000566,0.4990262876857411
76500,当前重启 E256,1.5276410146193071,0.5046851933002472
76750,当前重启 E256,1.5247858654369006,0.505704714493318
77000,当前重启 E256,1.5297398458827625,0.5028752603314139
77250,当前重启 E256,1.527036027474837,0.5046393735842272
77500,当前重启 E256,1.5331052975221113,0.5039692412723195
77750,当前重启 E256,1.540116472677751,0.5005555613474413
78000,当前重启 E256,1.5363790663805874,0.5005784766240553
78250,当前重启 E256,1.5233062288977883,0.5035224909132178
78500,当前重启 E256,1.5231888619336216,0.5050918676636436
78750,当前重启 E256,1.5219194130464033,0.5072053616697138
79000,当前重启 E256,1.5259627320549705,0.5045649138363925
79250,当前重启 E256,1.5420056689869275,0.4997136078097604
79500,当前重启 E256,1.5305808565833352,0.5041296156969938
79750,当前重启 E256,1.522065747867931,0.5064321187409487
80000,当前重启 E256,1.5115347450429744,0.5091470209035006
80250,当前重启 E256,1.5176705447110264,0.5080988678065214
80500,当前重启 E256,1.513884338465604,0.5088262720541521
80750,当前重启 E256,1.52172542702068,0.5040952427820726
81000,当前重启 E256,1.515704794363542,0.5072397237474268
81250,当前重启 E256,1.5132436535575173,0.5089064728129994
81500,当前重启 E256,1.5137007995085283,0.507342820817774
81750,当前重启 E256,1.5172392888502642,0.5064722191203724
82000,当前重启 E256,1.5233534357764504,0.5061514675617218
82250,当前重启 E256,1.5136487809094517,0.5089179114861921
82500,当前重启 E256,1.5106994997371326,0.5084940682757985
82750,当前重启 E256,1.5097269144925205,0.5079614086584612
83000,当前重启 E256,1.5047968951138584,0.5090439373796637
83250,当前重启 E256,1.5115117918361316,0.5059166388078169
83500,当前重启 E256,1.5091862136667424,0.5075719248164784
83750,当前重启 E256,1.5072173205288975,0.509038204496557
84000,当前重启 E256,1.5241464376449585,0.5042155330831354
84250,当前重启 E256,1.5310417847199873,0.5030241798270833
84500,当前重启 E256,1.5229280320080845,0.5049486675045707
84750,当前重启 E256,1.51743868264285,0.505647439848293
85000,当前重启 E256,1.5107310576872393,0.5091756609353152
85250,当前重启 E256,1.5055047273635864,0.5107278525829315
85500,当前重启 E256,1.507426847111095,0.5097885186021979
85750,当前重启 E256,1.5156528407877141,0.507600570266897
86000,当前重启 E256,1.5127652558413418,0.5069189830259844
86250,当前重启 E256,1.511560472575101,0.5072970011017539
86500,当前重启 E256,1.5080267732793635,0.5087117227641019
86750,当前重启 E256,1.512372461232272,0.5078754885630175
87000,当前重启 E256,1.5092106515711003,0.5095078647136688
87250,当前重启 E256,1.5175847140225498,0.5069132420149717
87500,当前重启 E256,1.5149406303058972,0.5062259191816504
87750,当前重启 E256,1.5163172483444214,0.5058364380489696
88000,当前重启 E256,1.5163487195968628,0.5070678862658414
88250,当前重启 E256,1.5054703192277388,0.5115125341848894
88500,当前重启 E256,1.497321291403337,0.5138952298597856
88750,当前重启 E256,1.486295223236084,0.5172860026359558
89000,当前重启 E256,1.490279663692821,0.5138265084136616
89250,当前重启 E256,1.5015419396487149,0.5110199614004656
89500,当前重启 E256,1.5073754462328823,0.5108195001428778
89750,当前重启 E256,1.4987865686416626,0.5139124312184074
90000,当前重启 E256,1.4916581457311457,0.5155276222662493
90250,当前重启 E256,1.4885441173206677,0.5152068679982965
90500,当前重启 E256,1.498465440490029,0.5127382549372587
90750,当前重启 E256,1.51194044676694,0.5092787634242665
91000,当前重启 E256,1.5069957429712468,0.5118046457117255
91250,当前重启 E256,1.4979655959389426,0.5139926021749323
91500,当前重启 E256,1.4961589249697598,0.512675241990523
91750,当前重启 E256,1.5062467943538318,0.5087059871716932
92000,当前重启 E256,1.5013713511553677,0.5101894492452795
92250,当前重启 E256,1.505720929665999,0.510756481777538
92500,当前重启 E256,1.5074119026010686,0.5118275501511313
92750,当前重启 E256,1.496591026132757,0.5138551430268721
93000,当前重启 E256,1.4926297447898171,0.5154073346744884
93250,当前重启 E256,1.4953679279847578,0.513786413452842
93500,当前重启 E256,1.48659301887859,0.5154531543905084
93750,当前重启 E256,1.4896467924118042,0.5153844193978743
94000,当前重启 E256,1.494176203554327,0.5142732533541593
94250,当前重启 E256,1.5039554834365845,0.512451870874925
94500,当前重启 E256,1.4945094368674539,0.5146570151502435
94750,当前重启 E256,1.4895372499119153,0.5149262141097676
95000,当前重启 E256,1.496527823534879,0.5135859440673481
95250,当前重启 E256,1.5002651539715854,0.5116557289253582
95500,当前重启 E256,1.5052642605521462,0.5103555565530603
250,首次 E256（止于 30.2k）,5.325823402404785,0.03626511986367405
500,首次 E256（止于 30.2k）,4.593337988853454,0.06838457507546991
750,首次 E256（止于 30.2k）,3.572824629870328,0.15952047841115433
1000,首次 E256（止于 30.2k）,2.960396571592851,0.23919193988496606
1250,首次 E256（止于 30.2k）,2.619810039346868,0.26728027923540637
1500,首次 E256（止于 30.2k）,2.5143651962280273,0.27535625208507886
1750,首次 E256（止于 30.2k）,2.4416036389090796,0.2859924787824804
2000,首次 E256（止于 30.2k）,2.3887629725716333,0.29541444236581976
2250,首次 E256（止于 30.2k）,2.341910947452892,0.30357059836387634
2500,首次 E256（止于 30.2k）,2.2972782958637583,0.3110050748695027
2750,首次 E256（止于 30.2k）,2.2675989974628794,0.3158105638894168
3000,首次 E256（止于 30.2k）,2.216475660150701,0.3265899826179851
3250,首次 E256（止于 30.2k）,2.1923079057173296,0.3309945382855155
3500,首次 E256（止于 30.2k）,2.1684159365567295,0.3351470773870295
3750,首次 E256（止于 30.2k）,2.1247224374250933,0.344672140750018
4000,首次 E256（止于 30.2k）,2.1077063517137007,0.3508408042517575
4250,首次 E256（止于 30.2k）,2.094756668264216,0.3537389906969937
4500,首次 E256（止于 30.2k）,2.0696786533702505,0.358028997074474
4750,首次 E256（止于 30.2k）,2.056023532694036,0.36162595586343244
5000,首次 E256（止于 30.2k）,2.0465171987360176,0.36445541002533655
5250,首次 E256（止于 30.2k）,2.0118344480341133,0.3721877228129994
5500,首次 E256（止于 30.2k）,1.9982793656262485,0.37600232525305316
5750,首次 E256（止于 30.2k）,1.9869174307042903,0.3793358098376881
6000,首次 E256（止于 30.2k）,1.9646009640260176,0.3845536871389909
6250,首次 E256（止于 30.2k）,1.9630039063366977,0.3857450376857411
6500,首次 E256（止于 30.2k）,1.9445091702721335,0.3915929577567361
6750,首次 E256（止于 30.2k）,1.9140743125568738,0.3986665931614963
7000,首次 E256（止于 30.2k）,1.920246037569913,0.39508109472014685
7250,首次 E256（止于 30.2k）,1.9173447543924504,0.395722589709542
7500,首次 E256（止于 30.2k）,1.8908544020219282,0.4025556580586867
7750,首次 E256（止于 30.2k）,1.8867990537123247,0.4035179018974304
8000,首次 E256（止于 30.2k）,1.8844468268481167,0.4040448475967754
8250,首次 E256（止于 30.2k）,1.8710250421003862,0.40870142524892633
8500,首次 E256（止于 30.2k）,1.8632067983800715,0.4107920121062886
8750,首次 E256（止于 30.2k）,1.8575523116371848,0.41212082451040094
9000,首次 E256（止于 30.2k）,1.8572129661386663,0.4100989672270688
9250,首次 E256（止于 30.2k）,1.858563173900951,0.40885606137188996
9500,首次 E256（止于 30.2k）,1.8518036820671775,0.4113647666844455
9750,首次 E256（止于 30.2k）,1.8411809531125156,0.41492163051258435
10000,首次 E256（止于 30.2k）,1.8192781426689841,0.4225336638363925
10250,首次 E256（止于 30.2k）,1.8232907381924717,0.4206836386160417
10500,首次 E256（止于 30.2k）,1.8170867508107966,0.42200672084634955
10750,首次 E256（止于 30.2k）,1.817837812683799,0.42221291769634595
11000,首次 E256（止于 30.2k）,1.8127835338765925,0.4240743978457017
11250,首次 E256（止于 30.2k）,1.8086934848265215,0.4236963770606301
11500,首次 E256（止于 30.2k）,1.8020357218655674,0.4244123345071619
11750,首次 E256（止于 30.2k）,1.802971363067627,0.425288663669066
12000,首次 E256（止于 30.2k）,1.7955636761405251,0.4284274090420116
12250,首次 E256（止于 30.2k）,1.7919317375529895,0.4277744564143094
12500,首次 E256（止于 30.2k）,1.7942499030720105,0.4279691956259988
12750,首次 E256（止于 30.2k）,1.7847317457199097,0.430867384780537
13000,首次 E256（止于 30.2k）,1.7879031896591187,0.430586730892008
13250,首次 E256（止于 30.2k）,1.7864637483250012,0.4300998774441806
13500,首次 E256（止于 30.2k）,1.7794581326571377,0.430890291929245
13750,首次 E256（止于 30.2k）,1.774676344611428,0.4324768456545743
14000,首次 E256（止于 30.2k）,1.7691847085952759,0.43317561799829657
14250,首次 E256（止于 30.2k）,1.7807357527992942,0.4310621212829243
14500,首次 E256（止于 30.2k）,1.7716524059122258,0.4354609494859522
14750,首次 E256（止于 30.2k）,1.7593011097474531,0.4389376233924519
15000,首次 E256（止于 30.2k）,1.7668504498221658,0.43661792982708325
15250,首次 E256（止于 30.2k）,1.7727040594274348,0.43441851843487134
15500,首次 E256（止于 30.2k）,1.7666570273312656,0.4368413117798892
15750,首次 E256（止于 30.2k）,1.7770320610566572,0.4339374005794525
16000,首次 E256（止于 30.2k）,1.7654581720178777,0.436434650963003
16250,首次 E256（止于 30.2k）,1.7641036076979204,0.436749666929245
16500,首次 E256（止于 30.2k）,1.7628628557378596,0.43644610047340393
16750,首次 E256（止于 30.2k）,1.7425534833561291,0.4429068782112815
17000,首次 E256（止于 30.2k）,1.7379496097564697,0.44373738494786347
17250,首次 E256（止于 30.2k）,1.7385039654645054,0.44395503401756287
17500,首次 E256（止于 30.2k）,1.7423214262182063,0.4431245272809809
17750,首次 E256（止于 30.2k）,1.7411162636496804,0.4435712857679887
18000,首次 E256（止于 30.2k）,1.7452263723720203,0.4433994564143094
18250,首次 E256（止于 30.2k）,1.752398046580228,0.44203627651387994
18500,首次 E256（止于 30.2k）,1.7458150495182385,0.4425861293619329
18750,首次 E256（止于 30.2k）,1.7420927611264316,0.44270068407058716
19000,首次 E256（止于 30.2k）,1.7534002499146895,0.44010033390738745
19250,首次 E256（止于 30.2k）,1.7525203336368909,0.44118285991928796
19500,首次 E256（止于 30.2k）,1.7358670993284746,0.4453239413824948
19750,首次 E256（止于 30.2k）,1.7246580990878018,0.44842831925912335
20000,首次 E256（止于 30.2k）,1.72590772672133,0.44762644984505395
20250,首次 E256（止于 30.2k）,1.7351853847503662,0.4452093920924447
20500,首次 E256（止于 30.2k）,1.7346723513169722,0.44459080696105957
20750,首次 E256（止于 30.2k）,1.7309759313409978,0.4460055340420116
21000,首次 E256（止于 30.2k）,1.7251995260065252,0.44731716405261646
21250,首次 E256（止于 30.2k）,1.7193100235678933,0.4479242915456945
21500,首次 E256（止于 30.2k）,1.7122761444611982,0.4494936628775163
21750,首次 E256（止于 30.2k）,1.7197370745918967,0.44979150186885486
22000,首次 E256（止于 30.2k）,1.7217193408445879,0.4493161060593345
22250,首次 E256（止于 30.2k）,1.7062985030087559,0.45298752188682556
22500,首次 E256（止于 30.2k）,1.702105771411549,0.4550895636731928
22750,首次 E256（止于 30.2k）,1.7054937102577903,0.45401276783509686
23000,首次 E256（止于 30.2k）,1.7025278589942239,0.4541273225437511
23250,首次 E256（止于 30.2k）,1.7035618912089954,0.45389822125434875
23500,首次 E256（止于 30.2k）,1.7084033597599377,0.45272405310110614
23750,首次 E256（止于 30.2k）,1.6994748332283713,0.45545613494786347
24000,首次 E256（止于 30.2k）,1.7026929638602517,0.45475736260414124
24250,首次 E256（止于 30.2k）,1.704427253116261,0.4538065736944025
24500,首次 E256（止于 30.2k）,1.6951542875983499,0.45628663897514343
24750,首次 E256（止于 30.2k）,1.690274184400385,0.4585834199732
25000,首次 E256（止于 30.2k）,1.6889057809656316,0.45775291323661804
25250,首次 E256（止于 30.2k）,1.6997108892960981,0.4535831944508986
25500,首次 E256（止于 30.2k）,1.7007649378343062,0.4527297751470046
25750,首次 E256（止于 30.2k）,1.6976942907680164,0.4533655453811992
26000,首次 E256（止于 30.2k）,1.695872339335355,0.45614917982708325
26250,首次 E256（止于 30.2k）,1.7010451771996238,0.45613772489807825
26500,首次 E256（止于 30.2k）,1.7090916633605957,0.4540986825119365
26750,首次 E256（止于 30.2k）,1.7088312669233843,0.4523517516526309
27000,首次 E256（止于 30.2k）,1.6983635967428035,0.45493491942232306
27250,首次 E256（止于 30.2k）,1.69195125319741,0.45759827169505035
27500,首次 E256（止于 30.2k）,1.6868089437484741,0.4600668820467862
27750,首次 E256（止于 30.2k）,1.6881883144378662,0.4584860557859594
28000,首次 E256（止于 30.2k）,1.6931482770226218,0.45641265132210473
28250,首次 E256（止于 30.2k）,1.6805932955308394,0.4594654847275127
28500,首次 E256（止于 30.2k）,1.673545783216303,0.4619741900400682
28750,首次 E256（止于 30.2k）,1.6803721514615146,0.46051936799829657
29000,首次 E256（止于 30.2k）,1.680059400471774,0.4592134654521942
29250,首次 E256（止于 30.2k）,1.6803450692783704,0.45911037109114905
29500,首次 E256（止于 30.2k）,1.6896574063734575,0.4570656039498069
29750,首次 E256（止于 30.2k）,1.69087722084739,0.4582397693937475
30000,首次 E256（止于 30.2k）,1.6793674230575562,0.4609661264853044
30250,首次 E256（止于 30.2k）,1.688941392031583,0.4581080295822837
